customer_id,total_purchases,total_revenue,avg_order_value,recency_days,frequency_per_month,customer_lifetime_months,return_rate,true_segment,fuzzy_cluster,neural_cluster,fuzzy_membership_cluster_0,fuzzy_membership_cluster_1,fuzzy_membership_cluster_2,fuzzy_membership_cluster_3,segment_name
CUST_00001,39,4543.27,115.21,29,3.53,8.4,0.118,2,2,1,0.03162388237835145,0.08350956480966377,0.840031552521954,0.044835000290030735,Loyal Regulars
CUST_00002,5,245.66,52.9,353,0.23,16.8,0.323,4,0,0,0.8123676431317051,0.0979254376772527,0.06231777390058049,0.02738914529046173,Hibernating
CUST_00003,14,978.91,68.97,34,0.33,29.7,0.156,3,1,1,0.061308978887602256,0.7811106936827077,0.1306718173381715,0.02690851009151849,Need Attention
CUST_00004,15,545.92,36.77,83,0.76,30.8,0.245,3,1,1,0.1413871786820211,0.7104805283592368,0.1172011503517055,0.03093114260703668,Need Attention
CUST_00005,92,20249.56,220.3,13,5.09,31.5,0.012,1,3,2,0.03467527061441243,0.059296368693973124,0.08922635452452503,0.8168020061670894,VIP Champions
CUST_00006,91,27189.68,299.96,30,6.22,34.2,0.041,1,3,2,0.062396536999272445,0.09197446445889602,0.12549089681290027,0.7201381017289313,VIP Champions
CUST_00007,92,17303.66,187.1,14,4.52,23.0,0.048,1,3,2,0.02609100760803751,0.046992110659571824,0.08363228331029172,0.843284598422099,VIP Champions
CUST_00008,2,89.73,46.87,271,0.14,25.2,0.223,4,0,0,0.7306459258650676,0.16930153346688823,0.07403849413118052,0.02601404653686369,Hibernating
CUST_00009,9,598.57,64.75,77,1.32,21.5,0.183,3,1,1,0.0127216171099096,0.9587695920739071,0.02529042523174899,0.003218365584434196,Need Attention
CUST_00010,14,651.07,48.16,42,0.33,23.5,0.213,3,1,1,0.057268160188971025,0.8373179098065548,0.08976369353508497,0.015650236469389116,Need Attention
CUST_00011,85,15502.41,181.94,5,4.06,22.5,0.024,1,3,2,0.030752950560536667,0.059580426974016915,0.11376725966501779,0.7958993628004287,VIP Champions
CUST_00012,3,96.33,37.5,342,0.14,28.9,0.303,4,0,0,0.7072367808534802,0.16332735887287272,0.08857003510532177,0.04086582516832548,Hibernating
CUST_00013,8,449.95,57.99,108,1.44,33.6,0.122,3,1,3,0.11423634296652922,0.6813132146340865,0.16196143630360407,0.04248900609578021,Need Attention
CUST_00014,32,3040.93,94.37,36,3.95,13.8,0.099,2,2,1,0.02150921707056338,0.07524934193162425,0.8764012308259338,0.026840210171878612,Loyal Regulars
CUST_00015,82,15192.41,186.02,3,4.52,8.0,0.015,1,3,2,0.04823478308898526,0.08334369926321872,0.19340844832107054,0.6750130693267256,VIP Champions
CUST_00016,57,14015.05,246.13,6,5.38,18.6,0.046,1,3,2,0.021891578755394762,0.04121544397598654,0.08854294458798276,0.8483500326806358,VIP Champions
CUST_00017,38,3373.16,87.92,24,1.6,12.2,0.067,2,2,3,0.035375522729137604,0.12992419238930927,0.7970081292747824,0.037692155606770694,Loyal Regulars
CUST_00018,21,1730.66,81.65,20,2.65,15.0,0.071,2,2,3,0.029579699135004134,0.14178970606492158,0.8010638640373197,0.027566730762754506,Loyal Regulars
CUST_00019,33,4135.5,126.78,17,3.5,5.7,0.113,2,2,1,0.04408965951881734,0.10750314390008726,0.7868151344982097,0.06159206208288555,Loyal Regulars
CUST_00020,46,6565.82,144.07,18,2.19,27.7,0.131,2,2,1,0.08004935537724633,0.3121898837934623,0.4609300083096958,0.14683075251959551,Loyal Regulars
CUST_00021,5,205.55,39.42,63,0.88,15.2,0.193,3,1,0,0.11202629022774316,0.6761094584490215,0.18755486622637751,0.024309385096857813,Need Attention
CUST_00022,73,19168.03,262.12,2,5.01,32.5,0.039,1,3,2,0.03675488008508997,0.06466500506691993,0.09698100408228866,0.8015991107657015,VIP Champions
CUST_00023,33,3781.49,114.91,20,2.62,11.0,0.103,2,2,1,0.009913314878960038,0.0339288293159506,0.9441603868074007,0.011997468997688556,Loyal Regulars
CUST_00024,24,2522.86,103.3,16,2.31,13.8,0.071,2,2,3,0.018896928924851886,0.08148652419251806,0.8795231671782434,0.020093379704386752,Loyal Regulars
CUST_00025,19,2721.18,141.79,42,3.2,19.4,0.129,2,2,1,0.04261432114045587,0.20080680047846597,0.7131164154273625,0.043462462953715815,Loyal Regulars
CUST_00026,4,219.01,54.17,83,1.19,7.2,0.165,3,1,0,0.17964751240891585,0.4046632900333973,0.3711796110836851,0.04450958647400176,Need Attention
CUST_00027,64,13124.19,204.46,20,6.28,35.6,0.024,1,3,2,0.054756784551651234,0.10700303509289612,0.1598526597687923,0.6783875205866603,VIP Champions
CUST_00028,36,3359.27,92.79,20,1.88,8.3,0.075,2,2,3,0.038146434054251804,0.11654141269890513,0.8045300636883963,0.04078208955844681,Loyal Regulars
CUST_00029,5,224.37,42.83,46,1.38,20.3,0.112,3,1,3,0.058768100922472005,0.7075260157505285,0.2098096858917718,0.023896197435227726,Need Attention
CUST_00030,71,20969.55,297.36,4,5.59,31.6,0.049,1,3,2,0.041287023418304286,0.06793550396550309,0.10027025608410159,0.790507216532091,VIP Champions
CUST_00031,13,532.75,41.61,45,1.1,21.4,0.239,3,1,1,0.08544861847117415,0.769421899757331,0.12411011629538755,0.0210193654761073,Need Attention
CUST_00032,79,15087.24,192.0,23,4.75,17.0,0.023,1,3,2,0.020444399545321127,0.03773000590206691,0.08202238666768272,0.8598032078849291,VIP Champions
CUST_00033,75,14048.02,186.36,4,6.44,22.2,0.022,1,3,2,0.015600511489469544,0.029495261568089685,0.058100180502048196,0.8968040464403926,VIP Champions
CUST_00034,2,63.48,39.25,250,0.06,7.4,0.267,4,0,0,0.8197649886140338,0.0975692995163938,0.06305298720044711,0.019612724669125163,Hibernating
CUST_00035,1,74.71,59.6,199,0.25,25.5,0.251,4,0,1,0.6136398557585966,0.27747012060025356,0.08410401284581913,0.024786010795330746,Hibernating
CUST_00036,12,688.62,56.8,72,0.79,33.7,0.152,3,1,1,0.08977630942567803,0.741167810586455,0.13464754829906012,0.03440833168880686,Need Attention
CUST_00037,44,6495.15,147.38,21,3.33,9.0,0.144,2,2,1,0.051119624309652244,0.12319094876890524,0.7314450422177988,0.09424438470364371,Loyal Regulars
CUST_00038,53,13926.74,261.17,18,7.37,29.2,0.016,1,3,2,0.04126605952941782,0.07352224933527639,0.12046574090115109,0.7647459502341547,VIP Champions
CUST_00039,5,202.5,37.36,45,1.28,20.3,0.2,3,1,1,0.05942948628686945,0.8160750937486565,0.1087488657606616,0.015746554203812487,Need Attention
CUST_00040,28,3880.04,140.79,33,3.54,15.4,0.094,2,2,1,0.018961793722693188,0.06645563515731262,0.8849498222428158,0.029632748877178303,Loyal Regulars
CUST_00041,73,14276.24,195.21,23,6.01,32.7,0.019,1,3,2,0.039985669749032025,0.07677573849773907,0.12118521804842729,0.7620533737048015,VIP Champions
CUST_00042,28,3291.96,115.77,56,3.06,34.0,0.062,2,1,3,0.09810446412321631,0.4025332404803405,0.3695807190866124,0.12978157630983075,Need Attention
CUST_00043,81,16296.27,200.24,5,7.18,20.6,0.035,1,3,2,0.01117021498310196,0.019330940348392996,0.0359438375773684,0.9335550070911366,VIP Champions
CUST_00044,5,235.84,51.54,157,0.13,27.6,0.25,4,1,1,0.3726860168427446,0.4907057453061401,0.1069530966051162,0.029655141245998974,Need Attention
CUST_00045,16,1904.31,117.74,49,3.69,30.1,0.084,2,1,3,0.08731419799872421,0.41067040745577377,0.40481553993766095,0.0971998546078411,Need Attention
CUST_00046,4,294.67,68.09,41,0.78,7.9,0.22,3,1,0,0.1791231175939095,0.4294940575555727,0.34336719540043453,0.048015629450083204,Need Attention
CUST_00047,23,2973.96,129.17,47,3.1,20.9,0.119,2,2,1,0.03992041583429208,0.2142704212235653,0.7044825155284066,0.04132664741373594,Loyal Regulars
CUST_00048,24,2403.38,100.93,23,3.77,16.2,0.108,2,2,1,0.023659038529165993,0.10226159366489299,0.8474372049401874,0.026642162865753598,Loyal Regulars
CUST_00049,31,4552.29,146.05,22,2.97,23.2,0.101,2,2,1,0.04958252718365639,0.21953268530540887,0.6468708805281175,0.08401390698281727,Loyal Regulars
CUST_00050,51,14295.21,280.82,28,6.26,33.4,0.038,1,3,2,0.05576645789579433,0.09985976822795181,0.1500766040006175,0.6942971698756364,VIP Champions
CUST_00051,4,99.94,26.1,261,0.2,27.3,0.285,4,0,0,0.7672959041100672,0.14692715421741753,0.06232779946379442,0.023449142208720797,Hibernating
CUST_00052,14,1018.33,71.65,71,0.44,30.7,0.248,3,1,1,0.12884135696135338,0.7127283559039427,0.12561855499114463,0.032811732143559244,Need Attention
CUST_00053,1,85.17,56.83,333,0.18,16.2,0.318,4,0,0,0.8533394171501031,0.07820534638753765,0.04832043059484541,0.020134805867513834,Hibernating
CUST_00054,1,40.73,33.41,317,0.05,16.1,0.267,4,0,0,0.8776949173541099,0.0677027957795716,0.039544348299798734,0.015057938566519883,Hibernating
CUST_00055,9,674.58,71.39,61,0.72,17.9,0.211,3,1,1,0.07720722833035826,0.7664765495989716,0.1383835964475664,0.01793262562310379,Need Attention
CUST_00056,2,72.33,38.1,155,0.09,16.8,0.3,4,0,0,0.6630512068957228,0.23028197772277992,0.08468223901937269,0.0219845763621245,Hibernating
CUST_00057,96,19565.81,204.36,18,6.53,24.9,0.011,1,3,2,0.018996987112981818,0.03133699168603121,0.05153984941143331,0.8981261717895536,VIP Champions
CUST_00058,59,17326.59,294.16,5,5.66,35.9,0.013,1,3,2,0.05570989997027054,0.09723469523734866,0.13946372349586586,0.7075916812965148,VIP Champions
CUST_00059,75,17974.35,239.31,3,7.0,32.6,0.018,1,3,2,0.031744005582205456,0.05494650809375719,0.08380102211938603,0.8295084642046513,VIP Champions
CUST_00060,22,1980.7,89.3,17,2.68,5.2,0.106,2,2,0,0.05508314308748327,0.1506471685374797,0.7477874434959904,0.046482244879046695,Loyal Regulars
CUST_00061,42,4593.5,109.0,39,2.6,21.5,0.09,2,2,1,0.041697584598629864,0.19251806747569714,0.704842457580414,0.06094189034525909,Loyal Regulars
CUST_00062,20,1811.31,88.64,54,3.87,11.9,0.087,2,2,1,0.03802202034245126,0.12552490025211477,0.8018219202568206,0.03463115914861329,Loyal Regulars
CUST_00063,11,519.16,48.39,32,0.49,24.7,0.207,3,1,1,0.054393919943588526,0.8365719335077761,0.09246272623845989,0.01657142031017539,Need Attention
CUST_00064,16,1461.63,91.65,25,3.18,6.4,0.052,2,2,3,0.05903553186547787,0.16016538262811444,0.7225554287647685,0.05824365674163929,Loyal Regulars
CUST_00065,43,3800.55,88.39,44,2.1,11.0,0.06,2,2,1,0.037438044382917396,0.11626589877751352,0.8022327123622485,0.04406334447732065,Loyal Regulars
CUST_00066,40,5605.97,139.18,52,2.49,9.8,0.117,2,2,1,0.03368250620924757,0.08887692713660453,0.8326525601763201,0.04478800647782783,Loyal Regulars
CUST_00067,65,18391.82,284.45,1,4.34,3.9,0.018,1,3,2,0.06321842014961539,0.09738965072666689,0.19631713279551344,0.6430747963282042,VIP Champions
CUST_00068,5,291.15,56.24,68,1.37,14.3,0.223,3,1,0,0.14412611227940708,0.6064340488287003,0.22035099636713865,0.02908884252475397,Need Attention
CUST_00069,63,13032.13,206.95,18,5.07,16.5,0.035,1,3,2,0.026095993060845174,0.050961648431988235,0.1250575538701363,0.7978848046370303,VIP Champions
CUST_00070,3,120.13,37.45,192,0.29,7.6,0.353,4,0,0,0.7306631243571076,0.1482590989702006,0.09205104474800742,0.02902673192468461,Hibernating
CUST_00071,13,697.04,51.93,111,1.26,3.7,0.164,3,2,0,0.22525009771990367,0.331963757802155,0.38840646198093454,0.0543796824970068,Loyal Regulars
CUST_00072,63,14668.77,231.25,19,5.03,30.6,0.016,1,3,2,0.03501228832175801,0.06849172357957241,0.1133198776635659,0.7831761104351038,VIP Champions
CUST_00073,99,22706.87,228.85,6,5.09,33.2,0.011,1,3,2,0.04662751862031463,0.07633810534169994,0.10941097789286583,0.7676233981451196,VIP Champions
CUST_00074,4,246.88,55.94,55,0.97,30.4,0.198,3,1,1,0.07127590787565817,0.8104720884116993,0.09640776664071762,0.02184423707192486,Need Attention
CUST_00075,5,167.02,30.49,42,1.38,22.7,0.231,3,1,1,0.08745541250921354,0.7709637721663093,0.11980415187291044,0.021776663451566727,Need Attention
CUST_00076,10,611.62,59.93,46,1.4,15.6,0.163,3,1,0,0.06727378578258128,0.631803187389869,0.27767797261363925,0.02324505421391043,Need Attention
CUST_00077,9,296.31,32.11,45,1.19,22.9,0.112,3,1,3,0.055368317750524206,0.7547920253327399,0.16700132121480848,0.022838335701927434,Need Attention
CUST_00078,62,12976.19,208.39,9,5.42,12.8,0.039,1,3,2,0.032900449663088256,0.061810480251025195,0.1577658374064461,0.7475232326794404,VIP Champions
CUST_00079,35,3855.17,110.7,45,3.84,10.1,0.123,2,2,1,0.027651908971307433,0.07703652433862336,0.8613217126799357,0.03398985401013331,Loyal Regulars
CUST_00080,52,9762.19,189.34,18,4.21,22.7,0.03,1,3,1,0.05319493239471486,0.12860058666777224,0.32123986977174196,0.4969646111657709,VIP Champions
CUST_00081,2,118.8,50.84,146,0.07,19.4,0.346,4,0,0,0.6139041718840974,0.2565446455811869,0.09996317904455707,0.02958800349015855,Hibernating
CUST_00082,11,558.17,49.57,52,1.28,25.9,0.22,3,1,1,0.049788606906148135,0.8617647500212431,0.07460120465009164,0.013845438422517191,Need Attention
CUST_00083,25,2925.04,119.27,31,1.73,7.5,0.142,2,2,0,0.05171426358099508,0.15215341590465298,0.7581778853696894,0.03795443514466247,Loyal Regulars
CUST_00084,98,21150.41,216.9,6,6.17,27.2,0.045,1,3,2,0.025642986659123325,0.04188123534657697,0.06542919151522376,0.867046586479076,VIP Champions
CUST_00085,43,5378.15,124.41,46,3.62,19.2,0.075,2,2,1,0.0393233858629746,0.13381093027345747,0.7421495107282937,0.08471617313527428,Loyal Regulars
CUST_00086,23,3390.32,149.08,57,1.6,33.5,0.121,2,1,1,0.10491355905256226,0.4838166100024896,0.31350307359526147,0.09776675734968668,Need Attention
CUST_00087,5,287.06,55.56,112,0.34,12.8,0.205,3,1,0,0.2493956673360578,0.5210568592410602,0.1988354175801798,0.030712055842702243,Need Attention
CUST_00088,14,1038.6,73.7,115,0.87,30.9,0.229,3,1,1,0.15008711685174875,0.7018121834693981,0.11730206617604459,0.030798633502808596,Need Attention
CUST_00089,2,121.01,53.16,129,0.2,7.0,0.246,4,0,0,0.42834267934990783,0.32868057511819304,0.20213883590895693,0.04083790962294224,Hibernating
CUST_00090,18,2250.98,127.22,30,3.31,13.4,0.057,2,2,3,0.029908406849246585,0.10357995705112477,0.8287853246614403,0.037726311438188304,Loyal Regulars
CUST_00091,77,20676.02,268.61,10,6.5,23.3,0.045,1,3,2,0.013216213466775538,0.021371119749119274,0.03551814834213795,0.9298945184419672,VIP Champions
CUST_00092,6,180.23,31.1,108,0.33,20.5,0.231,3,1,1,0.19371080664333937,0.6796205455725262,0.10586475224209602,0.020803895542038518,Need Attention
CUST_00093,14,940.96,65.95,120,0.72,16.3,0.215,3,1,1,0.2011325869918414,0.6092087482111734,0.16486032149213414,0.02479834330485119,Need Attention
CUST_00094,9,510.08,58.24,109,1.48,16.8,0.215,3,1,1,0.1554809767329707,0.6633027930471582,0.15881847666239302,0.022397753557477924,Need Attention
CUST_00095,8,509.09,63.19,51,0.43,12.5,0.153,3,1,0,0.10651188150576117,0.5339721504382732,0.32643965352905574,0.03307631452691013,Need Attention
CUST_00096,25,2347.32,92.52,17,1.54,17.1,0.149,2,2,1,0.0434477427615212,0.3312005754294799,0.5966752787541174,0.028676403054881495,Loyal Regulars
CUST_00097,28,3584.13,125.97,25,3.87,6.0,0.129,2,2,1,0.04992854048034864,0.11991463327619321,0.7689673778875056,0.0611894483559527,Loyal Regulars
CUST_00098,30,4173.8,140.93,58,2.67,8.5,0.111,2,2,1,0.0324628123475079,0.08461495041602324,0.847675792805358,0.03524644443111094,Loyal Regulars
CUST_00099,100,18393.5,184.75,28,6.6,19.9,0.034,1,3,2,0.02347043311230534,0.03798645999998457,0.06636801310322857,0.8721750937844817,VIP Champions
CUST_00100,62,10859.38,176.48,7,4.75,14.6,0.041,1,3,1,0.04595404597107843,0.09740852853985457,0.2901693420385606,0.5664680834505064,VIP Champions
CUST_00101,53,15622.51,295.37,27,7.71,8.7,0.05,1,3,2,0.05739647697653741,0.08633967896551926,0.16579612484360068,0.6904677192143427,VIP Champions
CUST_00102,8,497.25,64.12,93,0.48,10.4,0.222,3,1,0,0.23951789650766533,0.47060223167267273,0.25257927678642933,0.037300595033232624,Need Attention
CUST_00103,23,2632.1,115.27,42,2.95,32.0,0.059,2,1,3,0.08815071364070842,0.4080848720913566,0.3928421801178727,0.11092223415006215,Need Attention
CUST_00104,24,2058.2,84.71,55,3.89,29.7,0.136,2,1,1,0.08918389877928433,0.4811907532918629,0.35219241118986117,0.07743293673899161,Need Attention
CUST_00105,4,152.2,42.03,141,0.15,11.6,0.275,4,0,0,0.5465562241678812,0.29119022509281284,0.13252447130169445,0.02972907943761142,Hibernating
CUST_00106,40,4523.5,112.19,19,2.05,5.5,0.118,2,2,3,0.051796867191222146,0.1302375453982283,0.7600228456553924,0.057942741755157234,Loyal Regulars
CUST_00107,45,5022.82,112.14,37,2.98,14.5,0.132,2,2,1,0.0258547380464981,0.08765876766600779,0.8510319141957107,0.035454580091783545,Loyal Regulars
CUST_00108,11,617.59,55.46,54,1.35,24.7,0.22,3,1,1,0.04334194917299477,0.8756995434294956,0.06908177770289337,0.011876729694616207,Need Attention
CUST_00109,45,6269.96,140.05,47,3.59,25.4,0.12,2,2,1,0.07091870067122069,0.2466769206702959,0.5284598744908491,0.15394450416763425,Loyal Regulars
CUST_00110,81,21277.25,262.91,6,7.52,4.0,0.045,1,3,2,0.05503671183149736,0.07879015131657134,0.14391854875931262,0.7222545880926187,VIP Champions
CUST_00111,44,3717.11,84.67,30,3.36,30.0,0.066,2,2,1,0.08261111037384004,0.3402878318389456,0.44257333069412813,0.1345277270930863,Loyal Regulars
CUST_00112,92,20714.12,226.12,1,5.15,35.4,0.035,1,3,2,0.04800687997701331,0.081818241563697,0.1156921024302666,0.754482776029023,VIP Champions
CUST_00113,4,107.2,30.39,275,0.18,6.5,0.356,4,0,0,0.7966317190786746,0.10494568664801848,0.07136884712486301,0.02705374714844406,Hibernating
CUST_00114,12,659.48,54.36,117,0.71,33.8,0.195,3,1,1,0.14922658548147905,0.6895836171804868,0.12553983337628127,0.035649963961752906,Need Attention
CUST_00115,4,305.31,72.18,92,0.38,26.4,0.145,3,1,3,0.05279522032720427,0.8551628161547484,0.07782362951988582,0.014218333998161515,Need Attention
CUST_00116,1,54.95,43.29,205,0.21,31.8,0.209,4,0,3,0.424286519868185,0.41043667666177475,0.1240992618103465,0.04117754165969368,Hibernating
CUST_00117,15,1080.58,73.6,97,0.46,3.8,0.214,3,2,0,0.25945300154375484,0.3410692744259267,0.34433757555659383,0.0551401484737246,Loyal Regulars
CUST_00118,51,10146.7,198.54,15,7.08,17.7,0.037,1,3,2,0.04654923084274154,0.0904838225362027,0.21026594985830105,0.6527009967627547,VIP Champions
CUST_00119,2,125.43,59.88,224,0.16,29.2,0.233,4,0,1,0.5625378090072053,0.3006752714191581,0.10247496765488537,0.03431195191875116,Hibernating
CUST_00120,39,3596.28,91.56,19,3.2,12.0,0.115,2,2,1,0.01939174996013617,0.0667204206777788,0.8901309594114863,0.023756869950598697,Loyal Regulars
CUST_00121,14,530.27,36.8,69,1.43,24.1,0.163,3,1,1,0.020646677500896136,0.92983307738299,0.04320970402398403,0.006310541092129819,Need Attention
CUST_00122,3,80.22,30.97,361,0.15,10.6,0.379,4,0,0,0.7492856880065276,0.12476690899479821,0.08634658090075147,0.0396008220979227,Hibernating
CUST_00123,22,1736.84,77.34,44,2.42,18.6,0.136,2,2,1,0.04036787036937624,0.3796487174049951,0.5556001305388959,0.02438328168673271,Loyal Regulars
CUST_00124,98,17500.08,177.83,26,7.11,30.9,0.041,1,3,2,0.042595180497706324,0.07138620831108308,0.10808783080364409,0.7779307803875666,VIP Champions
CUST_00125,42,5078.18,121.97,21,1.58,23.3,0.142,2,2,1,0.06429820575044402,0.33072291536653425,0.5300313798345172,0.07494749904850452,Loyal Regulars
CUST_00126,43,4764.44,111.11,20,1.81,17.2,0.119,2,2,1,0.03391452872054342,0.1491754855332462,0.7754439710072376,0.04146601473897279,Loyal Regulars
CUST_00127,5,281.79,52.12,36,1.0,29.3,0.14,3,1,3,0.05878174369969569,0.7898194111265402,0.1264371630946081,0.024961682079156097,Need Attention
CUST_00128,2,85.64,38.21,123,0.07,18.8,0.278,4,1,1,0.41907058909128203,0.43518716998938695,0.11827040569324519,0.027471835226085758,Need Attention
CUST_00129,80,15500.15,193.75,21,7.44,4.3,0.041,1,3,2,0.05719940289411393,0.08735748347623024,0.18300603170125243,0.6724370819284035,VIP Champions
CUST_00130,32,2636.73,82.87,26,3.97,19.5,0.064,2,2,1,0.044145800825091695,0.18160170431538875,0.7112209822045433,0.06303151265497618,Loyal Regulars
CUST_00131,37,4677.79,127.68,40,1.52,20.1,0.083,2,2,1,0.044488356199146914,0.20686967577966178,0.6929354624363468,0.055706505584844454,Loyal Regulars
CUST_00132,18,1830.98,101.3,16,1.7,7.4,0.09,2,2,3,0.05256263636509019,0.16723730732466455,0.7387085887549866,0.04149146755525863,Loyal Regulars
CUST_00133,78,19862.29,253.42,24,4.8,6.5,0.017,1,3,2,0.04590159705752248,0.07007421468478266,0.13872168379669808,0.7453025044609968,VIP Champions
CUST_00134,37,4770.67,127.99,16,3.84,20.9,0.055,2,2,1,0.045058346750856716,0.16107042820565276,0.6844226297707704,0.10944859527272018,Loyal Regulars
CUST_00135,4,210.37,54.84,295,0.25,29.9,0.268,4,0,0,0.6872679012044387,0.18708609179885752,0.08870363030102046,0.03694237669568338,Hibernating
CUST_00136,18,2530.15,142.11,40,3.54,24.2,0.095,2,2,1,0.06267148751491972,0.28844003419476344,0.5695468439817873,0.07934163430852953,Loyal Regulars
CUST_00137,33,4340.76,129.87,19,1.65,8.3,0.075,2,2,3,0.03930610813226503,0.11314314187220303,0.7986529475882322,0.04889780240729967,Loyal Regulars
CUST_00138,13,536.63,39.86,118,0.7,29.1,0.127,3,1,3,0.09859906593097524,0.7520538528506665,0.12238740736772859,0.026959673850629556,Need Attention
CUST_00139,38,4276.01,112.36,40,3.3,35.9,0.073,2,1,1,0.10131999380680524,0.3711014999022433,0.36184398237990406,0.16573452391104745,Need Attention
CUST_00140,5,225.43,46.01,169,0.22,4.0,0.214,4,0,0,0.4805102495823395,0.2713266726873069,0.20327377974451033,0.044889297985843256,Hibernating
CUST_00141,2,78.19,38.5,333,0.23,17.0,0.349,4,0,0,0.8389720854990126,0.08596664304846245,0.05248826793313183,0.022573003519393096,Hibernating
CUST_00142,27,2787.43,102.83,59,1.6,22.1,0.137,2,1,1,0.04887537058863711,0.5243076534086125,0.39632466382874004,0.030492312174010223,Need Attention
CUST_00143,30,3927.32,129.39,37,3.68,16.9,0.14,2,2,1,0.028494661449908316,0.10927803571780673,0.8262388635914305,0.035988439240854264,Loyal Regulars
CUST_00144,25,2948.51,119.43,56,2.03,23.8,0.112,2,2,1,0.053792821969309484,0.40901175861732286,0.49217934076693926,0.04501607864642832,Loyal Regulars
CUST_00145,41,3450.63,84.87,47,3.77,10.8,0.068,2,2,1,0.037475622406756025,0.10569897718753644,0.8045529336383226,0.052272466767384874,Loyal Regulars
CUST_00146,99,17461.29,177.15,26,5.97,31.7,0.02,1,3,2,0.043359894937545225,0.07488833648700856,0.11302490196295766,0.7687268666124886,VIP Champions
CUST_00147,8,443.61,53.17,62,1.01,15.9,0.125,3,1,3,0.0741001273609977,0.626909179515545,0.27384412473251957,0.02514656839093765,Need Attention
CUST_00148,49,4616.98,94.36,45,2.31,7.3,0.127,2,2,1,0.05742184740435447,0.14130739855442478,0.7410068640343406,0.06026389000688023,Loyal Regulars
CUST_00149,98,21477.79,218.07,8,4.29,20.2,0.017,1,3,2,0.02902057349123889,0.04760742759884975,0.0807269283282994,0.842645070581612,VIP Champions
CUST_00150,27,3675.38,137.17,34,2.12,26.3,0.112,2,2,1,0.06470097884885868,0.3800743713673754,0.48197089754613437,0.07325375223763157,Loyal Regulars
CUST_00151,2,44.55,26.7,129,0.23,18.7,0.333,4,0,0,0.5419422081114855,0.31249595526580737,0.11389538251286087,0.0316664541098462,Hibernating
CUST_00152,45,6032.65,135.43,41,3.67,6.7,0.071,2,2,1,0.051399349808428176,0.1147016647706417,0.7232167412535961,0.11068224416733415,Loyal Regulars
CUST_00153,63,10066.77,158.56,16,7.75,7.0,0.012,1,3,2,0.06953791354153357,0.11856418200054784,0.28092201929467847,0.53097588516324,VIP Champions
CUST_00154,31,4471.16,145.04,29,2.77,7.9,0.054,2,2,3,0.039258040447619616,0.10169792067416543,0.7949543386438644,0.0640897002343505,Loyal Regulars
CUST_00155,5,289.89,58.6,121,0.29,31.6,0.328,4,1,1,0.35653698553859026,0.45694190700183684,0.13919236223056833,0.04732874522900458,Need Attention
CUST_00156,31,3514.2,113.67,37,3.17,4.0,0.064,2,2,1,0.05427817913692738,0.12499438485377977,0.7516036602082773,0.06912377580101545,Loyal Regulars
CUST_00157,7,413.16,61.71,48,1.11,6.1,0.245,3,1,0,0.21429810161211613,0.39218659119730886,0.3398506921773464,0.05366461501322857,Need Attention
CUST_00158,11,553.22,49.97,108,0.51,30.7,0.204,3,1,1,0.11779117743076288,0.7619729553266075,0.09622152573140041,0.024014341511229203,Need Attention
CUST_00159,48,6067.46,126.24,37,3.04,21.8,0.137,2,2,1,0.057939503693477994,0.21626195651150948,0.6240845398585219,0.10171399993649065,Loyal Regulars
CUST_00160,3,241.89,71.89,92,1.11,24.7,0.132,3,1,3,0.043823324602977845,0.8576441972266922,0.08542103181704051,0.013111446353289508,Need Attention
CUST_00161,29,3564.84,123.84,20,3.14,4.6,0.15,2,2,0,0.06071590602550122,0.1418250792528019,0.735483250501469,0.061975764220227735,Loyal Regulars
CUST_00162,15,711.43,48.31,108,1.24,27.4,0.185,3,1,1,0.056444345795036904,0.8673987854506513,0.06357140231906765,0.012585466435244334,Need Attention
CUST_00163,14,652.55,48.19,59,1.1,28.2,0.221,3,1,1,0.06400910054960393,0.8333442187602925,0.08479027985221547,0.01785640083788816,Need Attention
CUST_00164,43,4621.52,107.67,52,1.8,3.2,0.104,2,2,3,0.07667853704690837,0.16113859974120115,0.6863894408354488,0.07579342237644167,Loyal Regulars
CUST_00165,66,13574.97,204.97,12,6.78,17.8,0.026,1,3,2,0.017579080595621504,0.03216985203573473,0.06887302437798042,0.8813780429906634,VIP Champions
CUST_00166,6,273.78,46.8,50,0.39,25.1,0.191,3,1,1,0.042704397592325284,0.8824173127145896,0.06341845667749338,0.011459833015591777,Need Attention
CUST_00167,37,4026.31,109.76,32,3.66,18.8,0.102,2,2,1,0.027657869988666404,0.1129047766706442,0.8165924325258515,0.04284492081483805,Loyal Regulars
CUST_00168,51,10317.3,201.19,12,5.6,20.6,0.033,1,3,2,0.04226691485117061,0.09123194924923468,0.22252327490527257,0.6439778609943222,VIP Champions
CUST_00169,80,21283.24,264.73,25,6.87,3.6,0.048,1,3,2,0.05598025853306262,0.07935394427799008,0.14685483460219498,0.7178109625867524,VIP Champions
CUST_00170,5,162.3,30.34,88,1.38,33.6,0.137,3,1,3,0.11129483393856762,0.7030348644061002,0.14706052898084396,0.03860977267448825,Need Attention
CUST_00171,4,268.26,72.05,62,0.42,11.5,0.173,3,1,0,0.13644044751637038,0.5203510531254699,0.3079678462901112,0.03524065306804855,Need Attention
CUST_00172,64,12597.76,196.09,24,6.16,23.1,0.022,1,3,2,0.023160617030883957,0.045604408401666116,0.09340609725265585,0.837828877314794,VIP Champions
CUST_00173,40,3824.1,95.45,34,1.8,25.5,0.068,2,2,1,0.06508031886561834,0.3455675434285671,0.508941834241558,0.08041030346425666,Loyal Regulars
CUST_00174,21,2442.21,114.39,47,1.77,11.5,0.107,2,2,1,0.027514083594466495,0.10955920278923754,0.8430543078611211,0.019872405755174932,Loyal Regulars
CUST_00175,15,753.37,51.76,103,0.96,23.9,0.107,3,1,3,0.06342946223108095,0.7755518192755738,0.14023006019219528,0.020788658301150117,Need Attention
CUST_00176,98,23440.43,240.24,25,7.54,10.0,0.019,1,3,2,0.043615989257387425,0.062487709858132824,0.1070454253978182,0.7868508754866615,VIP Champions
CUST_00177,10,501.05,48.5,106,1.38,10.8,0.153,3,1,0,0.1638036880909704,0.4654467620723867,0.3343964993751054,0.03635305046153745,Need Attention
CUST_00178,42,4046.08,95.61,52,2.56,6.2,0.117,2,2,1,0.05123187481628405,0.12407118502879558,0.7746945220643218,0.05000241809059877,Loyal Regulars
CUST_00179,3,133.07,38.07,264,0.09,31.5,0.347,4,0,0,0.672944107311302,0.19717470542969856,0.0907395708637289,0.03914161639527036,Hibernating
CUST_00180,61,9999.0,164.36,2,6.57,21.0,0.034,1,3,1,0.045006229312651656,0.09471919535066518,0.2153026502105435,0.6449719251261395,VIP Champions
CUST_00181,23,2411.64,104.32,42,2.74,7.5,0.149,2,2,0,0.04872634955183993,0.13900187642646197,0.7781934682065056,0.03407830581519257,Loyal Regulars
CUST_00182,85,17853.92,210.65,13,6.87,35.7,0.038,1,3,2,0.045435775402124304,0.07831915056562162,0.1128204865553495,0.7634245874769046,VIP Champions
CUST_00183,2,36.57,24.16,297,0.19,5.6,0.255,4,0,0,0.7592056198857515,0.12280183087547111,0.0871321171119524,0.030860432126825016,Hibernating
CUST_00184,1,74.88,55.77,167,0.13,14.7,0.245,4,0,0,0.6150233349022253,0.2617218669588902,0.10069781616510019,0.022556981973784383,Hibernating
CUST_00185,17,1985.77,113.93,18,3.5,20.8,0.073,2,2,3,0.04555582335424026,0.2203470127180237,0.6780048597690147,0.05609230415872133,Loyal Regulars
CUST_00186,14,804.02,59.29,78,0.69,25.1,0.15,3,1,1,0.01669958112093828,0.9446875634804703,0.033488227321627484,0.00512462807696371,Need Attention
CUST_00187,15,892.54,59.78,80,1.18,5.0,0.17,3,2,0,0.17101909636290627,0.3420926516106626,0.43676823709262713,0.05012001493380398,Loyal Regulars
CUST_00188,10,712.48,73.09,46,1.13,20.7,0.13,3,1,3,0.03814647836301786,0.774415712550166,0.1712231349659767,0.016214674120839434,Need Attention
CUST_00189,18,1999.74,108.78,49,2.37,29.2,0.116,2,1,1,0.07055597605996292,0.5605181038983025,0.31358915876674864,0.05533676127498602,Need Attention
CUST_00190,47,4393.9,92.6,33,1.88,33.6,0.149,2,1,1,0.10442265354576127,0.4653717851458917,0.32031650647683607,0.10988905483151083,Need Attention
CUST_00191,77,21274.89,276.3,16,6.49,27.9,0.014,1,3,2,0.023965208037763305,0.038710888752064736,0.060425317685549144,0.8768985855246227,VIP Champions
CUST_00192,2,80.14,53.04,312,0.23,13.0,0.207,4,0,0,0.766432855761162,0.12465770496994202,0.08045409246841617,0.028455346800479744,Hibernating
CUST_00193,2,70.62,34.41,141,0.28,13.1,0.311,4,0,0,0.6021569085225913,0.25559562373541195,0.11350557123612103,0.028741896505875785,Hibernating
CUST_00194,8,389.15,50.12,84,0.92,19.4,0.238,3,1,1,0.12262324318186081,0.7458820955062658,0.11266997207989038,0.01882468923198299,Need Attention
CUST_00195,50,6904.73,138.86,24,3.83,30.0,0.062,2,2,1,0.07762034082098321,0.24065343519046103,0.4174676424321639,0.2642585815563918,Loyal Regulars
CUST_00196,28,3989.07,140.85,54,3.51,13.1,0.129,2,2,1,0.024602580533738903,0.0762242550549881,0.8699045425021444,0.029268621909128614,Loyal Regulars
CUST_00197,4,191.14,48.13,46,1.13,35.2,0.152,3,1,1,0.10367504960175065,0.6895701163106608,0.16216072168494403,0.044594112402644506,Need Attention
CUST_00198,4,188.53,52.9,152,0.27,19.1,0.385,4,0,0,0.6241479527358506,0.23417982668482587,0.10661173472992427,0.03506048584939918,Hibernating
CUST_00199,3,173.28,50.59,163,0.18,7.8,0.28,4,0,0,0.6178290755484124,0.2205602885542138,0.12997070525735635,0.03163993064001739,Hibernating
CUST_00200,7,245.05,33.07,32,0.46,21.1,0.244,3,1,1,0.11664614449969618,0.7113755821703366,0.14452578322004928,0.02745249010991801,Need Attention
CUST_00201,15,721.65,49.46,58,0.91,6.5,0.166,3,2,0,0.14849639783235846,0.3760910408771951,0.4282828030188632,0.047129758271583236,Loyal Regulars
CUST_00202,82,14964.81,182.41,19,6.6,5.0,0.016,1,3,2,0.053822452715443565,0.08542675702173577,0.18709645193165642,0.6736543383311643,VIP Champions
CUST_00203,89,19496.67,218.97,3,7.98,25.9,0.012,1,3,2,0.024728694431883077,0.04019518802377675,0.0647008703195638,0.8703752472247763,VIP Champions
CUST_00204,5,145.91,29.57,155,0.08,6.3,0.261,4,0,0,0.5488085293059164,0.2563442549824772,0.1577753077833643,0.037071907928242165,Hibernating
CUST_00205,11,370.87,32.8,76,1.5,23.3,0.222,3,1,1,0.06749397383575947,0.8392686211892055,0.07925816573082792,0.013979239244207154,Need Attention
CUST_00206,65,15909.15,243.58,16,5.7,32.3,0.015,1,3,2,0.034354113069564936,0.06361380882425278,0.09984949143349357,0.8021825866726886,VIP Champions
CUST_00207,72,12989.59,179.19,12,5.66,27.2,0.043,1,3,2,0.03197866598520066,0.06536353031864706,0.12037885465508333,0.782278949041069,VIP Champions
CUST_00208,12,373.02,30.5,67,0.88,11.6,0.103,3,1,3,0.11559326445064298,0.4544305179494601,0.38895773275212453,0.041018484847772305,Need Attention
CUST_00209,88,15012.32,170.57,17,4.86,11.0,0.01,1,3,2,0.042677654628027,0.07405512960503896,0.16440594176115667,0.7188612740057775,VIP Champions
CUST_00210,99,26697.07,270.23,29,5.95,21.1,0.014,1,3,2,0.03990350774698173,0.0584784232027719,0.09030545047777647,0.81131261857247,VIP Champions
CUST_00211,31,4274.74,138.33,19,2.72,13.7,0.065,2,2,1,0.01951835569013189,0.06656208971056096,0.8814902840355309,0.032429270563776244,Loyal Regulars
CUST_00212,12,609.25,51.42,64,0.77,28.9,0.169,3,1,1,0.04052543431315317,0.8800646588274501,0.06628518788048028,0.0131247189789164,Need Attention
CUST_00213,14,1000.33,72.99,101,0.68,17.4,0.203,3,1,1,0.11182588087845037,0.7239898292806038,0.14498853454953983,0.01919575529140577,Need Attention
CUST_00214,24,3301.62,138.07,17,3.75,24.0,0.096,2,2,1,0.05625731090145333,0.24662981871130213,0.6065393470192958,0.09057352336794872,Loyal Regulars
CUST_00215,11,766.92,70.28,87,1.04,20.1,0.11,3,1,3,0.05653854302429876,0.7296219717931227,0.19389636855642625,0.019943116626152366,Need Attention
CUST_00216,20,2639.5,130.31,38,3.2,5.8,0.054,2,2,3,0.0531653236212728,0.13040000231931265,0.7521077454111027,0.06432692864831185,Loyal Regulars
CUST_00217,40,3221.99,80.41,18,1.53,27.3,0.146,2,1,1,0.07307396926913855,0.5179767238433487,0.3466689914676618,0.062280315419851004,Need Attention
CUST_00218,7,313.77,43.34,61,1.23,9.1,0.199,3,1,0,0.1691313794886805,0.46021025562471163,0.32961847118239757,0.04103989370421021,Need Attention
CUST_00219,5,175.21,34.43,89,1.22,3.7,0.14,3,2,0,0.2002161263406942,0.351971763933732,0.39192231709744674,0.05588979262812725,Loyal Regulars
CUST_00220,4,293.19,73.55,57,1.22,15.6,0.194,3,1,1,0.09107586300144711,0.6648275182377079,0.2200897851394587,0.02400683362138624,Need Attention
CUST_00221,5,193.92,35.46,85,1.23,20.5,0.197,3,1,1,0.06270250810366788,0.8499712604346817,0.07570027516590035,0.011625956295750216,Need Attention
CUST_00222,4,257.79,73.58,102,0.65,22.9,0.247,3,1,1,0.15834371087783253,0.7159884549831136,0.10455545284196087,0.02111238129709304,Need Attention
CUST_00223,79,20746.43,262.21,25,6.63,14.2,0.015,1,3,2,0.018662906179006622,0.028750315318311404,0.0520715808324547,0.9005151976702273,VIP Champions
CUST_00224,47,4361.13,91.85,32,2.58,23.2,0.094,2,2,1,0.056090716291189995,0.26178833542581237,0.6021967388051995,0.07992420947779813,Loyal Regulars
CUST_00225,48,4467.21,93.05,20,1.99,24.3,0.139,2,2,1,0.06860940576614696,0.3544620903022644,0.4976884015533685,0.07924010237821999,Loyal Regulars
CUST_00226,25,3405.82,136.2,54,3.62,11.3,0.142,2,2,1,0.03478837355544898,0.1001729110633862,0.8297076589750451,0.03533105640611973,Loyal Regulars
CUST_00227,4,154.46,38.42,326,0.23,24.7,0.355,4,0,0,0.7800237855986419,0.12173047122774405,0.06775374438006047,0.030491998793553347,Hibernating
CUST_00228,21,2457.75,115.88,59,3.84,8.4,0.054,2,2,3,0.04908304297174407,0.12548496063111828,0.7678066560407174,0.05762534035642007,Loyal Regulars
CUST_00229,2,74.88,49.04,320,0.1,30.7,0.301,4,0,0,0.6879043038993661,0.17894103555300583,0.0916854324181192,0.041469228129508984,Hibernating
CUST_00230,12,641.58,54.4,83,0.91,21.6,0.145,3,1,1,0.02158068124858303,0.9235797476919282,0.04878189905954018,0.006057671999948569,Need Attention
CUST_00231,11,780.77,69.3,87,1.21,18.2,0.124,3,1,3,0.0597036547116487,0.7046331130662635,0.21624011622200637,0.01942311600008145,Need Attention
CUST_00232,15,1433.05,93.5,48,3.98,16.2,0.06,2,2,3,0.049381630400122306,0.1874503413749162,0.7124925974311117,0.05067543079384991,Loyal Regulars
CUST_00233,13,493.72,39.18,80,1.18,9.2,0.192,3,1,0,0.17978864106375167,0.45346042378456214,0.32693907211139694,0.039811863040289136,Need Attention
CUST_00234,27,3670.84,133.78,40,1.51,4.2,0.126,2,2,3,0.0739880231990206,0.16988088950042404,0.6956040353430529,0.06052705195750234,Loyal Regulars
CUST_00235,87,15744.08,180.37,29,5.47,7.9,0.023,1,3,2,0.046006801701118,0.07479663168555545,0.16405157595058859,0.715144990662738,VIP Champions
CUST_00236,7,463.04,69.45,120,0.74,26.8,0.167,3,1,1,0.07354900716670316,0.8353480178958701,0.07607990627919942,0.015023068658227341,Need Attention
CUST_00237,46,5498.02,119.48,33,2.53,3.1,0.12,2,2,3,0.070177601582012,0.1463854538497647,0.6925476036377427,0.09088934093048047,Loyal Regulars
CUST_00238,81,16465.07,203.32,24,4.37,18.9,0.034,1,3,2,0.01825102698523263,0.03315757769832931,0.06672900910722585,0.8818623862092123,VIP Champions
CUST_00239,11,352.49,32.92,82,0.97,22.9,0.184,3,1,1,0.029904626473639565,0.9229875459011583,0.040618890832157924,0.00648893679304428,Need Attention
CUST_00240,84,22695.05,270.75,9,7.3,5.5,0.03,1,3,2,0.051299920175769,0.07326356282252067,0.1303952190726146,0.7450412979290957,VIP Champions
CUST_00241,1,41.18,33.37,312,0.23,20.1,0.358,4,0,0,0.8479311413020615,0.08424341138512197,0.04765044889329684,0.020174998419519825,Hibernating
CUST_00242,3,71.5,25.9,200,0.16,10.3,0.218,4,0,0,0.6703693652926143,0.19772912185672237,0.10608323423047729,0.025818278620186118,Hibernating
CUST_00243,3,167.7,49.43,365,0.28,16.9,0.329,4,0,0,0.7888578180605603,0.10904999919493598,0.07032462253090309,0.03176756021360075,Hibernating
CUST_00244,37,4990.83,133.92,20,2.52,15.7,0.134,2,2,1,0.023125064542359984,0.0891299987886804,0.8561529436157708,0.031591993053188897,Loyal Regulars
CUST_00245,79,18718.28,238.17,6,5.45,3.9,0.023,1,3,2,0.050370469208539916,0.07724279839412217,0.1581718217573225,0.7142149106400155,VIP Champions
CUST_00246,1,58.42,53.27,187,0.18,34.0,0.26,4,0,1,0.424766581062045,0.4060052741663469,0.12482962656222041,0.04439851820938764,Hibernating
CUST_00247,24,2581.47,107.22,54,3.6,29.5,0.069,2,2,3,0.08240053905301772,0.3814128671429263,0.4342000668283818,0.10198652697567404,Loyal Regulars
CUST_00248,3,111.38,39.32,153,0.07,19.4,0.346,4,0,0,0.6498133349019856,0.23202732357995415,0.09086057771799295,0.0272987638000673,Hibernating
CUST_00249,3,135.12,49.18,308,0.09,7.5,0.322,4,0,0,0.8144110156538805,0.09457628025704033,0.06551353942816493,0.025499164660914304,Hibernating
CUST_00250,4,185.37,46.28,354,0.07,12.3,0.211,4,0,0,0.7192632422355961,0.14251833921534032,0.09861854407578047,0.03959987447328302,Hibernating
CUST_00251,24,2259.5,93.52,56,2.12,28.1,0.077,2,1,3,0.07046411407398404,0.49971059325084655,0.36910660301215714,0.060718689663012436,Need Attention
CUST_00252,31,4096.33,133.25,18,2.72,5.1,0.053,2,2,3,0.05016581705741306,0.12203608454079871,0.7521433121858937,0.07565478621589447,Loyal Regulars
CUST_00253,5,118.28,25.57,250,0.15,32.7,0.269,4,0,0,0.5967291648144268,0.25908420178089436,0.10330994194831838,0.04087669145636039,Hibernating
CUST_00254,16,1967.08,124.78,58,2.9,4.7,0.144,2,2,0,0.08180129218271096,0.18054237002460835,0.6826973723751121,0.054958965417568735,Loyal Regulars
CUST_00255,71,13409.28,189.02,22,7.93,24.6,0.02,1,3,2,0.03174731526748048,0.05682275995295592,0.10192139151180905,0.8095085332677545,VIP Champions
CUST_00256,5,298.11,55.44,72,1.47,14.5,0.191,3,1,0,0.11099826720241429,0.6351462729586731,0.2284391140972987,0.02541634574161398,Need Attention
CUST_00257,1,37.94,26.05,175,0.11,21.5,0.37,4,0,0,0.6981680768472376,0.1932064306532551,0.08108905911207485,0.02753643338743248,Hibernating
CUST_00258,9,326.35,35.16,107,1.17,26.4,0.11,3,1,3,0.08064158185036271,0.7635773703976555,0.1314566405788409,0.02432440717314092,Need Attention
CUST_00259,10,320.69,33.68,71,0.88,34.2,0.125,3,1,3,0.1047472276375577,0.6940128581107453,0.15896568685644558,0.04227422739525143,Need Attention
CUST_00260,92,23157.38,250.35,14,5.65,21.0,0.036,1,3,2,0.020232342928217184,0.03166392198470391,0.05201948606568831,0.8960842490213906,VIP Champions
CUST_00261,4,198.84,53.06,103,0.85,28.9,0.108,3,1,3,0.08889961300850956,0.7461187079928374,0.13638276995642096,0.028598909042231935,Need Attention
CUST_00262,2,54.79,30.34,160,0.13,20.1,0.351,4,0,0,0.6721210521965935,0.21592242664489505,0.08537053609976868,0.02658598505874271,Hibernating
CUST_00263,60,16969.22,281.67,27,7.48,17.9,0.02,1,3,2,0.026124916952014333,0.04186194608263381,0.07600568806561578,0.856007448899736,VIP Champions
CUST_00264,49,6575.23,132.9,16,1.66,33.0,0.096,2,2,1,0.09607760166316433,0.34941733787318985,0.3792482223023576,0.17525683816128834,Loyal Regulars
CUST_00265,3,125.92,39.91,146,0.21,15.6,0.364,4,0,0,0.6354936036981162,0.22730102090238638,0.10545357122817371,0.03175180417132367,Hibernating
CUST_00266,12,903.38,73.4,48,0.93,29.2,0.143,3,1,1,0.04754668164009818,0.816643884218204,0.11454071204299726,0.02126872209870045,Need Attention
CUST_00267,10,581.53,58.56,102,0.78,20.6,0.237,3,1,1,0.135281716706465,0.7460319076172978,0.10085476850016324,0.017831607176074016,Need Attention
CUST_00268,5,300.17,61.32,101,0.68,32.9,0.229,3,1,1,0.15807395583163528,0.6878362217360957,0.1203035597225513,0.03378626270971781,Need Attention
CUST_00269,25,3673.23,148.76,21,2.01,32.5,0.068,2,2,1,0.09059844515508121,0.38804131188368607,0.39156744838941915,0.12979279457181359,Loyal Regulars
CUST_00270,38,3274.88,86.41,35,3.04,32.1,0.058,2,2,1,0.08884516401197474,0.38376351240212586,0.4008203269878912,0.1265709965980082,Loyal Regulars
CUST_00271,13,666.73,52.73,117,0.8,25.0,0.248,3,1,1,0.1774389293896459,0.7006465713394116,0.0998067928779711,0.022107706392971577,Need Attention
CUST_00272,11,397.76,37.47,109,0.81,3.4,0.124,3,2,0,0.21330935721438013,0.338853769151241,0.3895396209002298,0.058297252734149,Loyal Regulars
CUST_00273,3,133.11,41.1,296,0.27,27.1,0.216,4,0,0,0.678703265362703,0.19379136774084127,0.09203647641469088,0.03546889048176481,Hibernating
CUST_00274,2,95.05,54.33,321,0.19,13.4,0.342,4,0,0,0.8541059656798411,0.07676604276654674,0.04895554409044477,0.020172447463167428,Hibernating
CUST_00275,31,4302.37,136.62,36,2.39,30.3,0.099,2,2,1,0.08065264756057308,0.388935071724087,0.4201001142034276,0.11031216651191236,Loyal Regulars
CUST_00276,27,2353.3,88.03,47,3.56,10.9,0.06,2,2,1,0.032632861489617936,0.10176266383716016,0.8294267153529007,0.03617775932032123,Loyal Regulars
CUST_00277,5,214.76,45.66,71,1.2,23.5,0.198,3,1,1,0.029289204905644597,0.9233501761597079,0.04070167774991781,0.006658941184729655,Need Attention
CUST_00278,7,490.56,67.87,72,1.47,7.2,0.195,3,1,0,0.1733331433359061,0.3909227142526309,0.39054554053569557,0.04519860187576737,Need Attention
CUST_00279,11,496.02,44.63,92,0.38,31.2,0.126,3,1,3,0.09187927538109797,0.7493822453747925,0.12849316555311358,0.030245313690996048,Need Attention
CUST_00280,6,387.47,67.67,55,1.07,19.9,0.204,3,1,1,0.048324606845440723,0.8453607425738523,0.09391361400759195,0.012401036573114994,Need Attention
CUST_00281,2,63.32,28.51,128,0.13,34.0,0.331,4,1,1,0.3780496971455226,0.4319448057034816,0.13917535729785904,0.05083013985313694,Need Attention
CUST_00282,45,6025.66,132.45,50,3.16,32.9,0.076,2,2,1,0.09316658685299112,0.31656514103265904,0.3941873546973277,0.19608091741702205,Loyal Regulars
CUST_00283,38,4502.92,117.03,20,2.62,31.5,0.096,2,2,1,0.08244684103852284,0.3779362200388782,0.41253116037132814,0.12708577855127082,Loyal Regulars
CUST_00284,77,16012.46,207.06,29,4.44,4.4,0.027,1,3,2,0.059459778988635796,0.09519758174946011,0.21854280464444395,0.6267998346174601,VIP Champions
CUST_00285,12,847.12,71.31,55,1.33,33.1,0.144,3,1,1,0.07721293882044307,0.7301239972890289,0.15562055074454723,0.0370425131459809,Need Attention
CUST_00286,88,23743.03,270.74,2,7.85,13.1,0.039,1,3,2,0.03792392838613851,0.0553842219626227,0.09303254744621586,0.8136593022050229,VIP Champions
CUST_00287,44,4231.79,96.11,54,1.78,20.8,0.12,2,2,1,0.05423739032609406,0.28857304876338474,0.6058107254669755,0.05137883544354562,Loyal Regulars
CUST_00288,18,1711.83,93.14,16,2.67,22.7,0.08,2,2,3,0.05011561877525302,0.3393129031468877,0.5617570888358583,0.048814389242001016,Loyal Regulars
CUST_00289,25,2476.67,97.49,48,1.62,31.1,0.14,2,1,1,0.07390341437393151,0.6373832466446889,0.2380538606845413,0.05065947829683821,Need Attention
CUST_00290,11,624.42,56.69,110,0.52,10.9,0.112,3,1,3,0.1577296367812725,0.4442067294632907,0.3566025409964018,0.041461092759034895,Need Attention
CUST_00291,90,13925.98,155.2,18,7.98,20.2,0.044,1,3,2,0.04185361213281187,0.07106339380036772,0.12897867935880364,0.7581043147080166,VIP Champions
CUST_00292,53,14609.43,274.71,18,4.46,33.0,0.014,1,3,2,0.05751756076088709,0.10935736615244113,0.16628197399903813,0.6668430990876336,VIP Champions
CUST_00293,11,742.54,67.32,109,0.99,17.2,0.178,3,1,1,0.09965305088766417,0.7334293442119908,0.14890033227259566,0.01801727262774931,Need Attention
CUST_00294,26,2807.48,107.59,50,3.0,17.6,0.139,2,2,1,0.02507389220809443,0.1380967295773343,0.8162926147370384,0.020536763477532877,Loyal Regulars
CUST_00295,80,19662.43,244.7,18,6.81,19.9,0.019,1,3,2,0.006674251774889218,0.010811397172845962,0.019083520229079692,0.9634308308231853,VIP Champions
CUST_00296,19,1936.36,103.84,37,3.13,22.8,0.145,2,2,1,0.053996265284384976,0.4145470279894801,0.48946263757650205,0.04199406914963283,Loyal Regulars
CUST_00297,12,629.33,52.78,87,0.39,14.9,0.138,3,1,0,0.10563914065929957,0.6235699840933864,0.2439847589365219,0.026806116310792192,Need Attention
CUST_00298,32,2473.27,78.42,21,2.19,13.9,0.147,2,2,1,0.034789603155382036,0.17443771266163607,0.7653289918770821,0.025443692305899653,Loyal Regulars
CUST_00299,9,341.05,38.82,85,0.64,20.0,0.131,3,1,3,0.05990874285529238,0.8049887670673658,0.11934124108911125,0.015761248988230482,Need Attention
CUST_00300,50,7599.09,151.15,7,4.15,14.2,0.014,1,2,1,0.05443836575818661,0.13405449281116413,0.537891369275546,0.27361577215510324,Loyal Regulars
CUST_00301,90,21253.14,235.81,16,5.17,16.1,0.047,1,3,2,0.01892415208216289,0.030033147127478562,0.05385028562221563,0.897192415168143,VIP Champions
CUST_00302,18,2188.89,121.28,20,2.36,31.8,0.101,2,1,1,0.08311994695539973,0.48093042430562183,0.35042596740951604,0.08552366132946246,Need Attention
CUST_00303,32,4120.42,127.67,60,1.83,16.0,0.077,2,2,1,0.027159593539223318,0.10918112190929463,0.834264533878022,0.029394750673460087,Loyal Regulars
CUST_00304,8,390.97,48.5,112,1.16,13.2,0.191,3,1,0,0.19606070981954468,0.5533898244337032,0.2212818319961879,0.029267633750564254,Need Attention
CUST_00305,13,940.35,72.98,104,0.3,4.7,0.195,3,1,0,0.25414188106771907,0.35340248833145427,0.34044924708887886,0.05200638351194783,Need Attention
CUST_00306,2,45.44,22.38,268,0.22,15.7,0.223,4,0,0,0.854119398073137,0.08643134231119175,0.04516808929205541,0.01428117032361586,Hibernating
CUST_00307,31,3179.79,102.68,20,2.55,5.3,0.125,2,2,0,0.04810761018460128,0.12593296619416378,0.7806861501739111,0.04527327344732378,Loyal Regulars
CUST_00308,18,1809.26,101.61,57,3.17,14.9,0.118,2,2,1,0.02726240546412176,0.12680460245357958,0.8260415451617283,0.01989144692057026,Loyal Regulars
CUST_00309,10,308.33,30.46,87,1.4,31.8,0.192,3,1,1,0.10051087528637306,0.7623650289344354,0.1098087871098182,0.02731530866937343,Need Attention
CUST_00310,40,3390.17,84.04,56,1.67,7.7,0.103,2,2,1,0.056040623001087954,0.15375367116298458,0.7459205719203612,0.0442851339155663,Loyal Regulars
CUST_00311,15,1643.49,106.65,28,2.72,4.4,0.108,2,2,0,0.06616573220178187,0.1671504751343561,0.71460275129177,0.05208104137209199,Loyal Regulars
CUST_00312,56,13127.7,233.8,11,6.92,30.9,0.036,1,3,2,0.042111077511678814,0.07983038867668216,0.13045933443524113,0.747599199376398,VIP Champions
CUST_00313,85,18151.11,214.49,21,5.1,29.0,0.022,1,3,2,0.022810782666888355,0.040594117475308535,0.06538817165983604,0.8712069281979671,VIP Champions
CUST_00314,3,144.67,51.94,321,0.26,17.2,0.383,4,0,0,0.8163498369927333,0.097432081892846,0.05993486787134135,0.026283213243079435,Hibernating
CUST_00315,7,383.64,56.2,63,1.02,25.7,0.206,3,1,1,0.03239697811768303,0.9135953814192671,0.04577063943350909,0.008237001029540815,Need Attention
CUST_00316,7,281.11,37.51,69,0.47,14.4,0.234,3,1,0,0.1845857151481741,0.5950845187001153,0.18981600519325403,0.030513760958456572,Need Attention
CUST_00317,20,1569.4,76.91,44,3.09,5.4,0.084,2,2,0,0.06415252218404369,0.16549756141337482,0.7197668638454073,0.05058305255717412,Loyal Regulars
CUST_00318,70,13862.48,196.68,21,6.42,10.2,0.025,1,3,2,0.03516429614330173,0.06037363718529491,0.1412011465079693,0.7632609201634339,VIP Champions
CUST_00319,99,21679.56,218.1,21,4.56,3.9,0.029,1,3,2,0.06392814246040886,0.09304970973332709,0.17297071610978504,0.670051431696479,VIP Champions
CUST_00320,33,4815.42,147.3,32,1.6,15.8,0.053,2,2,3,0.04050520254041372,0.14212119659377825,0.755997786326153,0.06137581453965502,Loyal Regulars
CUST_00321,21,1581.15,76.75,49,2.65,32.7,0.079,2,1,3,0.08986611035571741,0.5220272129807284,0.31047740253570427,0.07762927412784995,Need Attention
CUST_00322,4,320.81,73.02,58,1.37,30.3,0.19,3,1,1,0.06503436586889978,0.809929758846818,0.1027758636918816,0.022260011592400472,Need Attention
CUST_00323,15,636.43,42.98,117,0.77,14.2,0.158,3,1,0,0.16180845881114644,0.5770259161437654,0.2320318777458502,0.02913374729923795,Need Attention
CUST_00324,34,2938.68,86.56,40,2.85,30.5,0.126,2,1,1,0.08051869511230979,0.4857612962863058,0.3543868517911238,0.07933315681026061,Need Attention
CUST_00325,3,88.63,32.09,184,0.1,14.3,0.212,4,0,0,0.6102447491704823,0.2598179372534475,0.10593181096171916,0.02400550261435095,Hibernating
CUST_00326,6,458.79,73.49,80,0.72,7.6,0.187,3,1,0,0.18894398665484327,0.4133293127197901,0.3538251093883618,0.04390159123700476,Need Attention
CUST_00327,8,484.56,58.18,74,0.78,32.1,0.249,3,1,1,0.14229338393343524,0.6975768253518543,0.12563389445911072,0.034495896255599755,Need Attention
CUST_00328,10,582.97,55.62,86,0.54,4.3,0.159,3,2,0,0.20023901149290554,0.35901453868441346,0.38807865754696624,0.05266779227571477,Loyal Regulars
CUST_00329,32,3662.07,115.73,25,3.91,26.8,0.141,2,2,1,0.07255075341155777,0.335906143789255,0.4922539966939788,0.09928910610520843,Loyal Regulars
CUST_00330,34,4721.93,140.25,21,3.48,29.2,0.062,2,2,1,0.07452479317403955,0.28413808237997024,0.477903338093294,0.16343378635269612,Loyal Regulars
CUST_00331,25,3470.53,140.78,57,1.87,35.4,0.096,2,1,1,0.10785450476654673,0.45652824995776653,0.3206926467294073,0.11492459854627934,Need Attention
CUST_00332,9,606.03,68.86,83,0.75,9.7,0.143,3,1,0,0.13750768195031365,0.4318093632244606,0.392047654330027,0.03863530049519875,Need Attention
CUST_00333,88,18321.03,207.98,16,5.97,31.6,0.033,1,3,2,0.030128235547436922,0.05257884494857762,0.08056274681281105,0.8367301726911744,VIP Champions
CUST_00334,99,20910.43,211.14,25,7.06,34.5,0.033,1,3,2,0.04841267728715882,0.07752633622253675,0.11011850587759707,0.7639424806127072,VIP Champions
CUST_00335,60,9987.33,166.39,26,5.76,32.5,0.044,1,3,2,0.06618545145753936,0.14774724783170357,0.23959555185521256,0.5464717488555446,VIP Champions
CUST_00336,53,15008.26,282.52,14,6.04,33.6,0.035,1,3,2,0.052651713319260184,0.09489140274865417,0.14246195080679586,0.7099949331252897,VIP Champions
CUST_00337,1,42.06,39.07,288,0.23,7.4,0.339,4,0,0,0.8226968503724031,0.0918104058593185,0.06198640874781399,0.02350633502046438,Hibernating
CUST_00338,7,304.2,46.14,102,0.63,34.6,0.132,3,1,3,0.1265201697358553,0.6815412270416922,0.1500413775975769,0.04189722562487578,Need Attention
CUST_00339,15,2294.03,149.84,45,3.57,3.5,0.079,2,2,3,0.07620593287025675,0.16081569505580748,0.6770394498858462,0.08593892218808974,Loyal Regulars
CUST_00340,87,23906.28,275.12,22,4.57,28.4,0.04,1,3,2,0.040516427054935564,0.06400848793110063,0.09515071573990075,0.800324369274063,VIP Champions
CUST_00341,38,5039.91,132.46,53,3.03,19.1,0.059,2,2,1,0.03706066025528259,0.1325568368166182,0.7612746091091637,0.06910789381893544,Loyal Regulars
CUST_00342,18,1870.38,105.57,33,1.67,6.7,0.085,2,2,3,0.05692984443331114,0.16746297376009733,0.7326625319023203,0.0429446499042712,Loyal Regulars
CUST_00343,90,26414.09,292.15,3,7.82,12.9,0.031,1,3,2,0.04911742579897784,0.06960201880933588,0.1121731203041199,0.7691074350875664,VIP Champions
CUST_00344,18,1990.97,112.55,51,3.27,5.4,0.055,2,2,3,0.06100489133793272,0.14680670042999977,0.7304960994103054,0.06169230882176209,Loyal Regulars
CUST_00345,29,2827.03,97.15,25,2.2,33.7,0.13,2,1,1,0.08901798091776637,0.5252112840645403,0.30190311574274165,0.08386761927495166,Need Attention
CUST_00346,8,556.38,70.77,59,0.87,24.1,0.134,3,1,3,0.0273310454667767,0.8861974253838367,0.07625710226641831,0.010214426882968381,Need Attention
CUST_00347,15,842.94,57.16,62,1.08,32.3,0.118,3,1,3,0.0777099153886442,0.7217479726264638,0.16309331569986493,0.03744879628502715,Need Attention
CUST_00348,75,16338.71,217.4,18,6.5,25.5,0.013,1,3,2,0.00910676991497759,0.016260521167954168,0.028658185256937904,0.9459745236601302,VIP Champions
CUST_00349,23,3016.68,128.55,52,3.51,20.2,0.105,2,2,1,0.03857248016757916,0.1777406223771832,0.7392594900588125,0.044427407396425096,Loyal Regulars
CUST_00350,5,305.93,64.89,54,0.9,7.4,0.143,3,2,0,0.13327463756135746,0.3839501256016232,0.4372967213754233,0.045478515461596154,Loyal Regulars
CUST_00351,37,2928.5,79.07,49,2.29,19.9,0.05,2,2,3,0.04848836044411251,0.2301249770585463,0.6678333652097869,0.05355329728755432,Loyal Regulars
CUST_00352,1,36.87,31.05,293,0.07,3.1,0.368,4,0,0,0.7272122231978527,0.134796805417589,0.09834894920365261,0.039642022180905664,Hibernating
CUST_00353,6,377.63,63.34,58,0.42,11.9,0.154,3,1,0,0.11890476984924127,0.5243822711114141,0.3224218254438555,0.034291133595489076,Need Attention
CUST_00354,92,18150.91,197.0,24,7.57,33.0,0.027,1,3,2,0.043033282521824166,0.07146708967678228,0.10569367831053077,0.7798059494908628,VIP Champions
CUST_00355,69,20288.7,294.61,4,6.75,15.8,0.03,1,3,2,0.02473524489076954,0.03860183272779892,0.06840239485919983,0.8682605275222318,VIP Champions
CUST_00356,11,653.28,61.67,30,0.5,25.0,0.207,3,1,1,0.05243471077075923,0.834311164660572,0.09622072676401713,0.01703339780465163,Need Attention
CUST_00357,98,25967.13,264.16,29,6.81,6.5,0.022,1,3,2,0.05801400191979745,0.07998684040773739,0.1342041126534696,0.7277950450189956,VIP Champions
CUST_00358,12,730.37,58.99,34,0.73,19.5,0.244,3,1,1,0.10171833290117917,0.707462571352609,0.16419866613784664,0.026620429608365238,Need Attention
CUST_00359,3,104.62,38.31,171,0.14,4.7,0.274,4,0,0,0.5979518597432665,0.21871880895432402,0.14608146421825197,0.037247867084157386,Hibernating
CUST_00360,12,595.19,48.74,104,1.32,24.7,0.132,3,1,3,0.04488129982802145,0.859901591187407,0.08244558734125822,0.012771521643313162,Need Attention
CUST_00361,32,4446.08,141.01,25,3.19,12.7,0.111,2,2,1,0.015473864560384413,0.04994607406623148,0.9110711141305144,0.02350894724286955,Loyal Regulars
CUST_00362,5,275.22,59.32,96,0.68,16.0,0.197,3,1,0,0.13419757686339315,0.6898794304938711,0.15467891909236736,0.021244073550368402,Need Attention
CUST_00363,40,3594.25,89.94,55,2.22,4.9,0.087,2,2,1,0.061250405603695525,0.14333434690996413,0.7373000713937663,0.05811517609257417,Loyal Regulars
CUST_00364,19,2149.07,113.69,27,3.59,15.5,0.051,2,2,3,0.03378848007037755,0.12620939335696713,0.7958546408299917,0.044147485742663535,Loyal Regulars
CUST_00365,2,48.8,20.77,150,0.15,16.3,0.299,4,0,0,0.6328148046040997,0.25017369985414284,0.09291487568424694,0.024096619857510614,Hibernating
CUST_00366,34,4017.68,119.63,15,2.66,20.1,0.146,2,2,1,0.03826329058981766,0.20053851641278844,0.716440100147988,0.04475809284940584,Loyal Regulars
CUST_00367,4,120.49,32.47,310,0.24,35.2,0.304,4,0,0,0.6066219965004049,0.2271811642391821,0.11296935594654894,0.053227483313864114,Hibernating
CUST_00368,2,31.06,20.68,309,0.25,11.8,0.224,4,0,0,0.7944714543915246,0.1104901827840214,0.07013847316634965,0.024899889658104316,Hibernating
CUST_00369,51,9870.07,194.0,23,6.07,15.3,0.024,1,3,1,0.0482465195248589,0.09694699023785973,0.2622597421359778,0.5925467481013035,VIP Champions
CUST_00370,50,9761.7,194.97,20,7.9,3.8,0.044,1,3,2,0.0802618378942952,0.13011157831226167,0.30821775171095106,0.4814088320824921,VIP Champions
CUST_00371,95,25391.33,267.48,24,5.83,13.0,0.026,1,3,2,0.039898116641538986,0.05782661009627915,0.09646504811223988,0.805810225149942,VIP Champions
CUST_00372,53,9816.93,184.24,8,5.94,18.6,0.04,1,3,1,0.045534796826547215,0.09795623034501229,0.25606622113566857,0.600442751692772,VIP Champions
CUST_00373,53,15532.78,293.67,28,7.14,21.0,0.05,1,3,2,0.0351074604279277,0.057700360635773044,0.10223243993206915,0.8049597390042301,VIP Champions
CUST_00374,15,486.11,33.4,63,0.57,7.6,0.129,3,2,0,0.1442063929873195,0.39667754574013314,0.411336419111119,0.047779642161428285,Loyal Regulars
CUST_00375,81,21675.31,267.2,18,4.59,24.0,0.042,1,3,2,0.023725151045016494,0.03880626528083902,0.06312428019158292,0.8743443034825615,VIP Champions
CUST_00376,29,3589.23,125.56,27,2.36,12.6,0.142,2,2,1,0.017518727865812225,0.06720766119736836,0.8986433197270095,0.016630291209809925,Loyal Regulars
CUST_00377,9,605.28,70.06,94,0.37,3.3,0.122,3,2,0,0.18745778983653777,0.3293306886688189,0.424261274066761,0.0589502474278824,Loyal Regulars
CUST_00378,82,17707.82,217.15,5,7.83,11.0,0.031,1,3,2,0.030755399622815403,0.04821229035259878,0.09260735340746452,0.8284249566171213,VIP Champions
CUST_00379,9,545.69,60.58,37,0.63,18.2,0.221,3,1,1,0.08720486502582213,0.7280505215735478,0.16174123567942378,0.023003377721206506,Need Attention
CUST_00380,34,3667.67,107.46,17,1.91,9.9,0.095,2,2,1,0.023962744115585886,0.08066245489316529,0.8694527165374779,0.025922084453770883,Loyal Regulars
CUST_00381,52,14518.45,276.55,29,7.17,11.0,0.044,1,3,2,0.04703942962994174,0.07475677182607257,0.15199470366256587,0.7262090948814198,VIP Champions
CUST_00382,15,564.56,38.86,116,1.49,35.4,0.207,3,1,1,0.17026992981840935,0.6386819444609456,0.14602324214219767,0.04502488357844724,Need Attention
CUST_00383,10,409.89,41.68,69,1.01,23.5,0.111,3,1,3,0.04779423155338783,0.8094995707920658,0.1252359830091786,0.017470214645367913,Need Attention
CUST_00384,5,135.94,27.6,314,0.28,34.7,0.389,4,0,0,0.6126381866652958,0.21444131475566278,0.11511537141947611,0.057805127159565504,Hibernating
CUST_00385,9,684.86,73.98,98,0.49,26.7,0.172,3,1,1,0.043398322667886284,0.8909333716956276,0.05529745259927634,0.010370853037209745,Need Attention
CUST_00386,6,351.09,58.83,90,0.5,28.5,0.185,3,1,1,0.059458091223892395,0.8619938939753855,0.06481257414015694,0.013735440660565043,Need Attention
CUST_00387,32,2464.07,75.91,15,2.39,10.5,0.143,2,2,1,0.03972389924420659,0.1495064567955531,0.77998940471341,0.03078023924683041,Loyal Regulars
CUST_00388,82,14979.87,183.31,10,7.39,6.1,0.039,1,3,2,0.052467646116344795,0.08277579919536984,0.17498468420258778,0.6897718704856977,VIP Champions
CUST_00389,8,255.02,31.31,73,1.09,12.5,0.118,3,1,3,0.11709136927623814,0.5057977739048956,0.340787866654035,0.03632299016483118,Need Attention
CUST_00390,8,554.9,71.38,119,0.35,15.3,0.214,3,1,0,0.23579950924587223,0.5664142862934015,0.17079611501710093,0.026990089443625277,Need Attention
CUST_00391,3,128.93,50.17,345,0.29,14.8,0.315,4,0,0,0.8302384642225106,0.08860976691102386,0.05698490416711496,0.02416686469935058,Hibernating
CUST_00392,43,3993.59,93.83,40,2.4,10.9,0.116,2,2,1,0.026066488590790714,0.08384155668542867,0.8628936011815124,0.027198353542268253,Loyal Regulars
CUST_00393,22,3122.76,143.87,20,2.76,4.3,0.072,2,2,3,0.05775001098930752,0.1370641927577001,0.7327489434505814,0.0724368528024111,Loyal Regulars
CUST_00394,3,130.03,37.88,108,0.64,22.2,0.243,3,1,1,0.19328171410381595,0.6849719325149815,0.10080947523022975,0.020936878150972796,Need Attention
CUST_00395,30,3588.56,118.51,38,3.4,14.7,0.078,2,2,1,0.011326369766315174,0.04119763642552003,0.9314513204971239,0.016024673311040957,Loyal Regulars
CUST_00396,5,264.78,57.86,339,0.15,18.7,0.356,4,0,0,0.8119536061384945,0.09953280056032665,0.061223928799310386,0.027289664501868476,Hibernating
CUST_00397,3,84.28,28.19,265,0.1,31.2,0.266,4,0,0,0.6480087170999979,0.22225165726736473,0.0929318686442077,0.0368077569884297,Hibernating
CUST_00398,22,1787.31,80.34,18,3.85,16.5,0.101,2,2,1,0.036915645564584064,0.16591407074539458,0.7593302386041408,0.03784004508588048,Loyal Regulars
CUST_00399,13,860.74,67.61,60,1.13,24.6,0.216,3,1,1,0.034273180911355214,0.8996021595338691,0.05670933488198272,0.009415324672792982,Need Attention
CUST_00400,5,334.52,69.41,79,0.64,4.2,0.164,3,2,0,0.19494100485056684,0.357138410285318,0.3947804465741936,0.0531401382899216,Loyal Regulars
CUST_00401,56,14934.76,264.83,1,5.67,4.8,0.031,1,3,2,0.057520860883770626,0.09269701010571292,0.20618323314931486,0.6435988958612016,VIP Champions
CUST_00402,5,142.1,29.05,195,0.13,3.0,0.246,4,0,0,0.596073608464683,0.21045219389174485,0.1530076378697231,0.04046655977384909,Hibernating
CUST_00403,41,5978.29,147.51,25,3.16,31.0,0.124,2,2,1,0.08691821981484242,0.3204160790740714,0.4187440861963121,0.1739216149147741,Loyal Regulars
CUST_00404,8,352.18,43.63,59,1.16,9.0,0.223,3,1,0,0.191832872759385,0.4562418307541141,0.30893075178731155,0.04299454469918926,Need Attention
CUST_00405,28,3991.64,142.65,51,3.96,16.0,0.125,2,2,1,0.03390151351143725,0.11137302776979814,0.8077133309004705,0.047012127818293975,Loyal Regulars
CUST_00406,3,156.16,46.44,139,0.19,8.5,0.342,4,0,0,0.5805291698739354,0.2403327901114683,0.14038349260425959,0.03875454741033673,Hibernating
CUST_00407,42,5027.15,118.78,58,1.61,22.9,0.077,2,2,1,0.0622371457268147,0.27981236819601696,0.5787911559419747,0.07915933013519369,Loyal Regulars
CUST_00408,65,16671.4,257.16,23,4.41,19.8,0.031,1,3,2,0.019700301770061105,0.03522698641289441,0.0684744752866694,0.8765982365303752,VIP Champions
CUST_00409,2,141.98,57.32,323,0.22,18.2,0.343,4,0,0,0.8536194025969602,0.07915869370442187,0.047233075099938716,0.019988828598679155,Hibernating
CUST_00410,96,24414.81,254.19,22,7.45,29.6,0.021,1,3,2,0.04093834336233103,0.062103722595139764,0.09108299706532952,0.8058749369771996,VIP Champions
CUST_00411,22,2203.01,100.9,30,3.95,26.1,0.136,2,2,1,0.07132234331873769,0.39337587300186627,0.4624072658906186,0.07289451778877747,Loyal Regulars
CUST_00412,4,166.03,42.48,352,0.17,8.4,0.276,4,0,0,0.7603759757236495,0.11905741569682946,0.08533678441981606,0.03522982415970504,Hibernating
CUST_00413,4,204.66,49.38,214,0.06,3.4,0.368,4,0,0,0.6862800848820699,0.15999606185603152,0.11410185911073652,0.03962199415116203,Hibernating
CUST_00414,11,843.01,73.66,69,0.58,30.0,0.206,3,1,1,0.07144241463679558,0.8161742628821708,0.09166662106438621,0.02071670141664745,Need Attention
CUST_00415,10,702.61,73.52,35,0.91,31.5,0.208,3,1,1,0.08324559827873579,0.7508334547087165,0.13380739493312882,0.03211355207941879,Need Attention
CUST_00416,21,2871.99,135.0,40,2.49,31.6,0.063,2,1,3,0.0880061027145333,0.40582556972680284,0.3954404860920403,0.11072784146662348,Need Attention
CUST_00417,21,2014.25,98.23,28,3.68,29.3,0.117,2,1,1,0.07843449758859604,0.4404573875621588,0.3990426418094705,0.08206547303977452,Need Attention
CUST_00418,24,2896.3,121.87,41,3.58,3.4,0.141,2,2,0,0.07349047793605987,0.15565733571844717,0.7028614319640006,0.06799075438149221,Loyal Regulars
CUST_00419,11,358.51,32.33,79,0.65,14.6,0.146,3,1,0,0.11121077162642472,0.626881880434325,0.2344695428534256,0.027437805085824673,Need Attention
CUST_00420,10,470.84,45.03,96,0.79,28.9,0.11,3,1,3,0.07855785749594085,0.7645698738665293,0.1301765403228452,0.026695728314684548,Need Attention
CUST_00421,6,318.08,49.47,92,0.7,15.3,0.108,3,1,3,0.1098098129687948,0.5852539653340236,0.2737997313069251,0.031136490390256417,Need Attention
CUST_00422,14,843.92,58.88,90,1.06,16.8,0.13,3,1,1,0.07296523990365314,0.6693293403258599,0.23610396691206423,0.021601452858422684,Need Attention
CUST_00423,88,14463.28,165.21,9,5.11,35.4,0.027,1,3,2,0.05990660142508116,0.1160526823107074,0.16864321891203715,0.6553974973521743,VIP Champions
CUST_00424,17,1977.64,113.9,23,3.93,16.3,0.061,2,2,3,0.03908392461056568,0.14716964479482472,0.7625240747767156,0.05122235581789405,Loyal Regulars
CUST_00425,87,22217.4,255.68,13,5.39,11.7,0.026,1,3,2,0.02952337725735545,0.04508511775523755,0.08166282513364767,0.8437286798537593,VIP Champions
CUST_00426,22,2467.78,111.23,27,2.22,35.0,0.116,2,1,1,0.09508102663968913,0.5119670269517075,0.30171597370440856,0.0912359727041948,Need Attention
CUST_00427,36,2918.13,80.77,18,3.88,6.0,0.08,2,2,1,0.05321365111995517,0.13346920181117575,0.7442637322529222,0.06905341481594685,Loyal Regulars
CUST_00428,3,152.64,44.95,279,0.12,34.8,0.203,4,0,3,0.5069206850694118,0.3024639950957196,0.13423960579939176,0.056375714035476934,Hibernating
CUST_00429,24,2989.35,125.7,47,3.03,11.9,0.081,2,2,1,0.01376152125314348,0.04600248284085208,0.9246824033224736,0.015553592583530871,Loyal Regulars
CUST_00430,80,22360.51,279.91,28,4.42,34.2,0.016,1,3,2,0.05309129936036102,0.08645883820860416,0.12172694727990231,0.7387229151511325,VIP Champions
CUST_00431,87,24524.14,282.45,7,6.35,25.4,0.038,1,3,2,0.031274193402351345,0.04806017723965982,0.073739256231314,0.8469263731266748,VIP Champions
CUST_00432,8,242.41,30.69,82,0.6,34.6,0.168,3,1,1,0.12259982135384954,0.7050701658466256,0.13464081476238704,0.037689198037137654,Need Attention
CUST_00433,8,527.99,67.79,47,1.11,6.4,0.247,3,1,0,0.20913016561112757,0.3918989917043056,0.3452575965446855,0.05371324613988131,Need Attention
CUST_00434,50,10841.33,215.04,4,6.99,17.3,0.047,1,3,2,0.042819120874807645,0.08209441275261362,0.1873793039888785,0.6877071623837003,VIP Champions
CUST_00435,63,13541.25,215.16,22,4.04,23.2,0.034,1,3,2,0.03376060434390201,0.06988445899593178,0.14446355278528208,0.7518913838748841,VIP Champions
CUST_00436,11,435.58,40.89,94,0.41,32.0,0.13,3,1,3,0.10045160249056394,0.7351472271131196,0.13189348807955448,0.0325076823167621,Need Attention
CUST_00437,87,13219.67,152.06,8,4.86,11.2,0.021,1,3,2,0.05121782747356742,0.09296192305817771,0.2181844365412778,0.6376358129269769,VIP Champions
CUST_00438,4,189.96,50.65,96,1.03,5.7,0.201,3,1,0,0.25340921873733446,0.38333682590699814,0.31569470695015245,0.047559248405514856,Need Attention
CUST_00439,14,976.55,67.73,102,1.29,21.0,0.24,3,1,1,0.12444208404251267,0.7417122811744571,0.11440570387465479,0.019439930908375452,Need Attention
CUST_00440,60,14554.47,242.52,23,6.95,5.3,0.031,1,3,2,0.05395850617019558,0.08467121283959796,0.1855128179165345,0.675857463073672,VIP Champions
CUST_00441,69,19751.91,288.11,18,6.15,15.2,0.021,1,3,2,0.02169485139128985,0.03414142685893224,0.06224401600104784,0.8819197057487301,VIP Champions
CUST_00442,5,213.76,46.66,313,0.16,11.2,0.326,4,0,0,0.8606818343514865,0.07293715034235099,0.04756013703119445,0.018820878274967975,Hibernating
CUST_00443,40,4249.73,107.07,35,3.12,5.1,0.144,2,2,1,0.05862073056855384,0.1337527613773991,0.7447286568857338,0.06289785116831331,Loyal Regulars
CUST_00444,44,4251.88,96.93,35,1.55,19.6,0.08,2,2,1,0.04748220925214354,0.22220957716260004,0.6739660188950815,0.05634219469017501,Loyal Regulars
CUST_00445,4,191.42,52.1,113,0.43,16.5,0.215,3,1,0,0.21489484876867548,0.6205066542470945,0.14113597842938877,0.02346251855484138,Need Attention
CUST_00446,4,110.1,30.41,159,0.09,9.1,0.214,4,0,0,0.49171011844846135,0.30808770976746735,0.16572443422838468,0.034477737555686554,Hibernating
CUST_00447,4,202.11,55.27,319,0.22,12.5,0.222,4,0,0,0.7845361868467129,0.11346012594668403,0.0747328048930324,0.02727088231357073,Hibernating
CUST_00448,7,277.09,41.25,76,0.94,14.7,0.154,3,1,0,0.1020541676549136,0.6467061851429896,0.22618679229870067,0.025052854903396156,Need Attention
CUST_00449,44,5904.59,134.2,29,3.78,13.8,0.145,2,2,1,0.04131450843665065,0.1172656182463002,0.7648915543058841,0.07652831901116505,Loyal Regulars
CUST_00450,68,15294.51,225.85,28,7.51,16.0,0.014,1,3,2,0.0192653890055883,0.03212770164910228,0.06379054913147893,0.8848163602138305,VIP Champions
CUST_00451,10,507.48,52.64,47,1.33,30.7,0.202,3,1,1,0.07023356943162089,0.7968062055853193,0.10845269142689816,0.024507533556161535,Need Attention
CUST_00452,13,847.22,63.68,70,1.03,25.2,0.124,3,1,3,0.030571460375663894,0.8720335826210945,0.08545107451559296,0.011943882487648496,Need Attention
CUST_00453,21,2702.76,127.05,25,1.79,3.1,0.067,2,2,3,0.07212284093734343,0.16916394415294453,0.6880312755882789,0.07068193932143313,Loyal Regulars
CUST_00454,4,191.02,49.3,246,0.09,3.6,0.217,4,0,0,0.644980375634839,0.17866030129192595,0.13631125534541938,0.040048067727815634,Hibernating
CUST_00455,58,16531.96,283.63,8,5.42,10.3,0.014,1,3,2,0.04005170237923088,0.06547120274049503,0.13460703803258334,0.7598700568476907,VIP Champions
CUST_00456,33,4000.03,120.58,26,1.64,10.7,0.089,2,2,1,0.02542615110730394,0.08586281569375488,0.8608566839763288,0.02785434922261238,Loyal Regulars
CUST_00457,61,17926.19,293.98,19,6.23,17.2,0.027,1,3,2,0.023662135914339657,0.038322159634537965,0.07041275939541305,0.8676029450557093,VIP Champions
CUST_00458,34,4317.2,127.23,47,1.93,16.6,0.1,2,2,1,0.020461074058637993,0.08952625394800072,0.8673078471483131,0.022704824845048106,Loyal Regulars
CUST_00459,94,22887.1,244.71,16,4.46,6.9,0.034,1,3,2,0.05384744833529206,0.07922522883681274,0.14354529829767237,0.7233820245302227,VIP Champions
CUST_00460,67,11461.62,171.43,21,4.83,32.6,0.026,1,3,2,0.06000308474262695,0.13260906812143036,0.2139977684212473,0.5933900787146954,VIP Champions
CUST_00461,60,13619.06,226.17,13,4.07,5.3,0.042,1,3,2,0.06402193249651665,0.11042486275628882,0.2864879177599048,0.5390652869872898,VIP Champions
CUST_00462,9,480.01,55.23,87,1.13,3.3,0.138,3,2,0,0.1800066990871525,0.3280202611053592,0.4359713176427886,0.056001722164699605,Loyal Regulars
CUST_00463,12,632.01,54.1,105,1.29,19.0,0.226,3,1,1,0.1297285635421582,0.7331724078212069,0.118626886920681,0.018472141715954016,Need Attention
CUST_00464,7,459.57,65.62,71,0.52,32.1,0.228,3,1,1,0.11889383104614042,0.7319308761685626,0.11800276082728456,0.031172531958012506,Need Attention
CUST_00465,3,65.98,23.03,215,0.25,9.7,0.38,4,0,0,0.7767453864701309,0.12307353409171455,0.07421069284589218,0.02597038659226246,Hibernating
CUST_00466,17,2442.07,140.8,33,2.85,5.2,0.147,2,2,0,0.0709004267932272,0.1666703575081537,0.703603592107761,0.05882562359085812,Loyal Regulars
CUST_00467,38,3036.32,80.56,32,3.51,35.9,0.093,2,1,1,0.10421542617620233,0.41315296010084174,0.3454637517485873,0.13716786197436867,Need Attention
CUST_00468,3,106.3,32.85,174,0.14,5.3,0.275,4,0,0,0.6189619670301907,0.21009340661353879,0.13595266438535103,0.03499196197091968,Hibernating
CUST_00469,28,3067.77,109.82,48,3.14,3.3,0.121,2,2,0,0.06541818380654581,0.14232889962236633,0.7330211464755573,0.05923177009553065,Loyal Regulars
CUST_00470,2,86.93,46.47,239,0.05,28.5,0.361,4,0,0,0.7122882206928742,0.17683806029548585,0.07893079948526653,0.03194291952637328,Hibernating
CUST_00471,77,12384.99,159.97,23,6.33,27.8,0.041,1,3,2,0.04182448113625526,0.0826176069520339,0.1459089402436176,0.7296489716680933,VIP Champions
CUST_00472,4,171.51,40.72,154,0.22,27.5,0.324,4,0,1,0.5088107421260684,0.3482704878836067,0.10809396941847997,0.03482480057184483,Hibernating
CUST_00473,58,10484.84,179.25,27,7.0,28.0,0.046,1,3,2,0.05262017218462503,0.10708578751335363,0.1930646533175301,0.6472293869844913,VIP Champions
CUST_00474,3,156.44,46.17,338,0.19,8.2,0.326,4,0,0,0.7866389047948249,0.1067476112453218,0.075212354838829,0.03140112912102438,Hibernating
CUST_00475,32,4066.22,128.73,27,2.01,11.0,0.081,2,2,1,0.019916450985301183,0.06568343369607961,0.8897221041216314,0.024678011196987672,Loyal Regulars
CUST_00476,2,68.8,36.99,342,0.18,5.5,0.238,4,0,0,0.7053085859258038,0.14385637025806428,0.10822827331192682,0.04260677050420513,Hibernating
CUST_00477,85,17590.82,207.42,25,6.64,12.0,0.042,1,3,2,0.022532505440183995,0.035938205699389006,0.07150884555961666,0.8700204433008104,VIP Champions
CUST_00478,11,473.62,41.88,115,1.06,11.9,0.149,3,1,0,0.17630513465856912,0.4999857537126814,0.2889242233743322,0.03478488825441719,Need Attention
CUST_00479,2,84.28,47.79,174,0.2,24.8,0.253,4,0,1,0.5224714362287795,0.3609290855464603,0.09162698785437741,0.02497249037038285,Hibernating
CUST_00480,44,5803.86,133.35,49,1.97,26.1,0.059,2,2,1,0.0730618251525246,0.28255680402542344,0.5126979687463099,0.131683402075742,Loyal Regulars
CUST_00481,7,366.97,49.46,33,0.61,32.0,0.105,3,1,3,0.08755911854876917,0.6819351170790924,0.18643437372156743,0.04407139065057104,Need Attention
CUST_00482,6,326.12,55.08,34,1.1,32.6,0.148,3,1,1,0.07960631504055664,0.7316159205680265,0.15253242556790747,0.036245338823509395,Need Attention
CUST_00483,46,4580.62,99.4,56,3.99,30.9,0.133,2,2,1,0.09847346709666081,0.35730003643301356,0.39900025694581753,0.14522623952450817,Loyal Regulars
CUST_00484,6,335.04,55.95,36,0.41,13.8,0.25,3,1,0,0.17101590551474935,0.5555061659887331,0.23496613146841083,0.038511797028106594,Need Attention
CUST_00485,12,794.15,66.3,107,1.5,4.3,0.136,3,2,0,0.17746023581364473,0.3122794048170218,0.45613831982347874,0.054122039545854664,Loyal Regulars
CUST_00486,3,66.66,25.2,125,0.14,21.7,0.357,4,0,1,0.5146150542164073,0.32748970517883574,0.12078451841269132,0.03711072219206563,Hibernating
CUST_00487,66,16288.38,248.15,8,4.06,23.6,0.041,1,3,2,0.02529434308689274,0.047801948632003995,0.08827901599466889,0.8386246922864344,VIP Champions
CUST_00488,42,3247.77,77.92,53,3.05,23.6,0.106,2,2,1,0.06130596585199811,0.31776185048997513,0.5545218020688247,0.06641038158920205,Loyal Regulars
CUST_00489,4,193.81,43.48,262,0.3,17.6,0.351,4,0,0,0.926659133678906,0.042302761906854225,0.022610176183340866,0.008427928230899027,Hibernating
CUST_00490,4,136.22,35.57,176,0.2,33.7,0.386,4,0,1,0.5056180652137459,0.3115795220724975,0.1290558480275944,0.05374656468616228,Hibernating
CUST_00491,27,3089.73,114.58,25,3.99,24.4,0.148,2,2,1,0.06572327048669334,0.31881917225802453,0.5369206027224793,0.07853695453280288,Loyal Regulars
CUST_00492,13,786.76,62.18,83,0.36,25.3,0.168,3,1,1,0.022942927133523347,0.9357230387204384,0.03536394837617645,0.005970085769861873,Need Attention
CUST_00493,39,3986.89,102.98,57,1.92,25.8,0.1,2,2,1,0.06698281899765599,0.393711284299148,0.4702088664158332,0.0690970302873629,Loyal Regulars
CUST_00494,85,20984.73,247.3,9,4.62,22.8,0.035,1,3,2,0.017725971967721115,0.02962670505666715,0.04987428018946668,0.9027730427861451,VIP Champions
CUST_00495,21,2721.08,127.89,35,3.17,8.6,0.134,2,2,1,0.0357463091529026,0.10282355355103674,0.8284826620757062,0.03294747522035433,Loyal Regulars
CUST_00496,16,2090.9,133.43,42,3.25,29.5,0.134,2,1,1,0.08525654842673978,0.45713634592150154,0.37602496827712645,0.08158213737463224,Need Attention
CUST_00497,15,786.38,54.12,74,0.78,21.9,0.123,3,1,3,0.03721200705458068,0.8417163888527284,0.10813267322996303,0.01293893086272793,Need Attention
CUST_00498,64,18401.5,288.2,18,6.37,4.7,0.024,1,3,2,0.05442610632595469,0.08093782831352275,0.15822351270811352,0.706412552652409,VIP Champions
CUST_00499,1,41.62,36.93,141,0.2,32.1,0.376,4,0,1,0.4544250412030736,0.35797975467974397,0.1355184552837236,0.05207674883345898,Hibernating
CUST_00500,4,103.45,28.45,331,0.27,27.3,0.239,4,0,0,0.6961730190309032,0.17359261463460995,0.09131486818225866,0.038919498152228324,Hibernating
